Method,Average_Rank,AUC_Scores
Classical_LR,2.4,"[0.9155555555555556, 0.89, 0.8788888888888889, 0.8844444444444444, 0.9344444444444444, 0.8444444444444444, 0.8766666666666666, 0.8277777777777778, 0.8188888888888889, 0.9088888888888889]"
Classical_SVC,2.5,"[0.8833333333333333, 0.8955555555555555, 0.8444444444444444, 0.888888888888889, 0.9188888888888889, 0.8594444444444445, 0.8644444444444443, 0.8455555555555555, 0.8122222222222222, 0.8688888888888888]"
DES_DESP,3.25,"[0.8688888888888889, 0.89, 0.8422222222222222, 0.9188888888888889, 0.9022222222222223, 0.8788888888888888, 0.8788888888888889, 0.8244444444444444, 0.7955555555555556, 0.8433333333333334]"
DES_FIRE-DESP,3.25,"[0.8688888888888889, 0.89, 0.8422222222222222, 0.9188888888888889, 0.9022222222222223, 0.8788888888888888, 0.8788888888888889, 0.8244444444444444, 0.7955555555555556, 0.8433333333333334]"
DES_FIRE-DESKNN,3.6,"[0.8644444444444445, 0.8911111111111111, 0.8344444444444445, 0.9144444444444445, 0.9044444444444445, 0.8733333333333333, 0.8644444444444445, 0.8222222222222222, 0.8066666666666668, 0.8511111111111112]"
