iter	Logloss
0	0.6865925422
1	0.68309021
2	0.6791780912
3	0.6743109776
4	0.6685999357
5	0.6626149691
6	0.6577308361
7	0.649151582
8	0.6456482227
9	0.6410729335
10	0.6363011874
11	0.6331115136
12	0.6321657621
13	0.6282625932
14	0.6245459777
15	0.6225541922
16	0.617268489
17	0.6134368823
18	0.6089503949
19	0.6066929377
20	0.6013072454
21	0.596174827
22	0.5913698857
23	0.589794379
24	0.5856787975
